Timestamp,Inlet Flow (L/min),Outlet Flow (L/min)
2024-02-01 00:00:00,16.023405103300668,15.133194741537524
2024-02-01 00:10:00,13.926263565067222,12.485447030946162
2024-02-01 00:20:00,10.418721450166812,6.212540168747934
2024-02-01 00:30:00,14.733403246080432,11.802161819839283
2024-02-01 00:40:00,15.498933905338873,12.036021634257185
2024-02-01 00:50:00,10.22059558105081,8.617058245828677
2024-02-01 01:00:00,19.06156408581754,15.223791455440283
2024-02-01 01:10:00,19.877106812411135,15.529425709625777
2024-02-01 01:20:00,17.19148274527252,15.694394870936092
2024-02-01 01:30:00,12.43345512419107,9.481778267812867
2024-02-01 01:40:00,19.624187252150016,17.79111269553037
2024-02-01 01:50:00,14.220628156572786,12.291426346145512
2024-02-01 02:00:00,19.418257580478333,18.133133558594583
2024-02-01 02:10:00,18.693385474018303,17.85268393126882
2024-02-01 02:20:00,12.886995530680124,8.99427181304669
2024-02-01 02:30:00,17.816409630696246,13.000543129711442
2024-02-01 02:40:00,11.464529703739927,10.453737011661389
2024-02-01 02:50:00,13.435106450194931,10.959738426691027
2024-02-01 03:00:00,17.376877322022125,15.682332294510289
2024-02-01 03:10:00,18.200771014785946,17.896415367100133
2024-02-01 03:20:00,12.536012771810126,9.216686467138
2024-02-01 03:30:00,10.872705234897808,10.360343486512397
2024-02-01 03:40:00,13.669571148864716,10.017280132858112
2024-02-01 03:50:00,15.878286514640017,11.306513160776195
2024-02-01 04:00:00,14.56190081456564,12.13252013775471
2024-02-01 04:10:00,15.081901371665435,12.817654788769168
2024-02-01 04:20:00,13.291793105536115,10.026903791440526
2024-02-01 04:30:00,12.347684819827641,9.013603048827362
2024-02-01 04:40:00,12.872208605640672,9.879246055621831
2024-02-01 04:50:00,12.792051083769476,8.329516719197425
2024-02-01 05:00:00,18.918600788112393,15.776211065924056
2024-02-01 05:10:00,17.17051960598263,15.210854021486641
2024-02-01 05:20:00,17.33242291818488,13.729555519059392
2024-02-01 05:30:00,16.12477056925472,14.488752446968876
2024-02-01 05:40:00,15.126087020484345,13.310273694817393
2024-02-01 05:50:00,11.264996903191962,10.491552017771157
2024-02-01 06:00:00,19.31161485651119,15.458720080741744
2024-02-01 06:10:00,10.023970657654957,9.501170221796201
2024-02-01 06:20:00,15.880231226305735,11.047549017751866
2024-02-01 06:30:00,18.149368039611,15.106309984328501
2024-02-01 06:40:00,17.78530369085595,17.385006698626476
2024-02-01 06:50:00,13.819958468218948,11.345501982416923
2024-02-01 07:00:00,12.035339591340549,10.902211668825831
2024-02-01 07:10:00,16.71236303514298,16.290984151122753
2024-02-01 07:20:00,19.335382426153647,16.674556021935107
2024-02-01 07:30:00,19.314098084329633,14.593163497213135
2024-02-01 07:40:00,11.451403690229519,10.2642045247967
2024-02-01 07:50:00,15.458760336665712,12.907346520040845
2024-02-01 08:00:00,11.758172311225582,8.426380717150412
2024-02-01 08:10:00,11.356473432225597,10.264494812874391
2024-02-01 08:20:00,11.705068387096809,8.018887557142545
2024-02-01 08:30:00,12.387724118370077,10.64993778166653
2024-02-01 08:40:00,15.568871526764502,11.096181715641805
2024-02-01 08:50:00,18.608077473452653,13.90947384835952
2024-02-01 09:00:00,12.238844330821337,10.696223718073888
2024-02-01 09:10:00,10.472562004537918,10.030258557027611
2024-02-01 09:20:00,16.133357287704357,15.864864874692776
2024-02-01 09:30:00,13.142133782306232,10.556905237922727
2024-02-01 09:40:00,19.77428830500887,15.49235952078498
2024-02-01 09:50:00,12.5663568910152,12.356664572660891
2024-02-01 10:00:00,13.11881680803377,8.264121945964117
2024-02-01 10:10:00,12.19708060614549,10.523592546589786
2024-02-01 10:20:00,19.441254341954632,15.752790601585014
2024-02-01 10:30:00,10.769391829976623,6.364869520571119
2024-02-01 10:40:00,12.447107183771656,7.9488464797775755
2024-02-01 10:50:00,12.803809563586011,12.783067757574363
2024-02-01 11:00:00,19.398028232877643,15.967305360867046
2024-02-01 11:10:00,12.22531932234106,10.08956643858504
2024-02-01 11:20:00,10.236695440882704,5.677248351975547
2024-02-01 11:30:00,10.547351745999018,8.048082550619688
2024-02-01 11:40:00,16.081462423029183,15.884948914670014
2024-02-01 11:50:00,18.041188985819037,15.608336113851724
2024-02-01 12:00:00,18.37501968583637,16.28677258105317
2024-02-01 12:10:00,17.476241073787886,14.644265190793956
2024-02-01 12:20:00,16.858734119020493,12.162019850537678
2024-02-01 12:30:00,19.37953850029385,19.240080167134277
2024-02-01 12:40:00,19.271132441971194,19.037912916251997
2024-02-01 12:50:00,15.242209288408608,13.389604190207987
2024-02-01 13:00:00,16.41072076469043,16.308071308788982
2024-02-01 13:10:00,16.911859525020056,15.997543812150118
2024-02-01 13:20:00,10.741983052890102,10.58767787975998
2024-02-01 13:30:00,13.314368529059648,10.501573359559845
2024-02-01 13:40:00,18.478268904705025,17.220903447544636
2024-02-01 13:50:00,12.696468067766979,8.067053233480845
2024-02-01 14:00:00,13.000553346197474,9.083783445410852
2024-02-01 14:10:00,12.70569824168,10.44497675568992
2024-02-01 14:20:00,12.57903175624229,10.041332083947577
2024-02-01 14:30:00,18.792775065987243,17.864821819516656
2024-02-01 14:40:00,14.704287190402638,13.832328292461487
2024-02-01 14:50:00,16.535096998841812,14.019824084516355
2024-02-01 15:00:00,16.290047398141915,12.48946955829005
2024-02-01 15:10:00,19.699206305999766,17.14079721569578
2024-02-01 15:20:00,18.086287925378148,16.953414664308795
2024-02-01 15:30:00,19.7190911752568,18.33501072884728
2024-02-01 15:40:00,15.574772065036136,13.0121783191543
2024-02-01 15:50:00,18.896956283023716,14.627167521837663
2024-02-01 16:00:00,19.50711516103025,16.21946430623995
2024-02-01 16:10:00,18.234743934257597,14.09122868521117
2024-02-01 16:20:00,12.23464481713524,8.44584924454777
2024-02-01 16:30:00,19.717348435755163,16.467756470349812
2024-02-01 16:40:00,12.561453626515078,9.263252217987484
2024-02-01 16:50:00,13.182500785890472,12.871795287571185
2024-02-01 17:00:00,13.286185135371724,8.643719112589793
2024-02-01 17:10:00,14.834511504430694,10.803035110734761
2024-02-01 17:20:00,19.766153337615563,19.455799815860725
2024-02-01 17:30:00,10.035831907000327,9.62254500797225
2024-02-01 17:40:00,19.987193193047787,19.11877827744463
2024-02-01 17:50:00,19.884444696594453,16.47212180977666
2024-02-01 18:00:00,14.27235650130988,9.855714391543007
2024-02-01 18:10:00,15.093914349341805,12.865662760341685
2024-02-01 18:20:00,17.127890462932385,16.70100908845489
2024-02-01 18:30:00,10.345373093536775,8.518784006151826
2024-02-01 18:40:00,15.393293770549233,12.311211981728551
2024-02-01 18:50:00,10.388259762194622,6.284892451395295
2024-02-01 19:00:00,11.08750175129882,7.61351183800653
2024-02-01 19:10:00,10.057205313673531,9.679527380286446
2024-02-01 19:20:00,18.359692676193106,15.796082300656893
2024-02-01 19:30:00,14.80400823070142,13.339285156328033
2024-02-01 19:40:00,18.29438936799715,13.428904555337176
2024-02-01 19:50:00,13.024998876715436,10.873101382688546
2024-02-01 20:00:00,13.663147410776372,9.594840889169122
2024-02-01 20:10:00,12.164872645513933,9.570988867999864
2024-02-01 20:20:00,19.519740823174352,18.267541732746235
2024-02-01 20:30:00,18.00677269318536,17.72595344203919
2024-02-01 20:40:00,10.072175329433385,5.4125103712202405
2024-02-01 20:50:00,15.591106551853327,10.712094599744184
2024-02-01 21:00:00,12.623693926149999,11.061559341149852
2024-02-01 21:10:00,11.280519548294873,11.211818773060845
2024-02-01 21:20:00,18.789848135221007,16.858991576631034
2024-02-01 21:30:00,18.42211378894985,17.96529898994378
2024-02-01 21:40:00,13.112138663125434,12.184081240325376
2024-02-01 21:50:00,14.273817797425995,12.60080450110008
2024-02-01 22:00:00,14.685384511654672,11.732034890035703
2024-02-01 22:10:00,13.756450283170038,12.554715215758776
2024-02-01 22:20:00,12.477289521581067,11.512360622896319
2024-02-01 22:30:00,12.122767691544045,11.901619642324457
2024-02-01 22:40:00,18.87483807239397,14.302730528583435
2024-02-01 22:50:00,14.638089851271365,12.416081379770416
2024-02-01 23:00:00,18.11834756325355,14.337230406236955
2024-02-01 23:10:00,12.38492001241308,8.846028598302341
2024-02-01 23:20:00,10.263279637528541,7.1714334774113375
2024-02-01 23:30:00,12.479749507883398,11.114462897480115
2024-02-01 23:40:00,15.352943908873609,12.265831001926525
2024-02-01 23:50:00,15.602931996774233,13.434016479123944
2024-02-02 00:00:00,17.116818074272775,16.521874926903216
2024-02-02 00:10:00,16.628106858948883,12.638339738273796
2024-02-02 00:20:00,15.504180097680585,13.396498572633032
2024-02-02 00:30:00,11.439235673797564,9.22022424418101
2024-02-02 00:40:00,17.907558553738486,13.749992577681965
2024-02-02 00:50:00,17.839893742924353,13.953391813162934
2024-02-02 01:00:00,19.118675508846373,14.960815828810782
2024-02-02 01:10:00,12.51895091040062,10.394326669230756
2024-02-02 01:20:00,10.158203801763303,8.721043980742229
2024-02-02 01:30:00,14.360736651775825,10.883548170844607
2024-02-02 01:40:00,16.841812171337317,15.126627804639254
2024-02-02 01:50:00,13.31327650016761,10.78993008501767
2024-02-02 02:00:00,19.181078834070874,17.568011215584878
2024-02-02 02:10:00,15.379111975140196,14.13214175008004
2024-02-02 02:20:00,18.790871058223086,14.91844930805679
2024-02-02 02:30:00,12.861009061203337,11.748481839397535
2024-02-02 02:40:00,18.56150064626113,17.781776974137024
2024-02-02 02:50:00,19.668838525431283,15.475821759359077
2024-02-02 03:00:00,11.667816693927643,7.327993213765683
2024-02-02 03:10:00,17.445572016811457,14.26305046383088
2024-02-02 03:20:00,10.914551884984533,9.212103372079977
2024-02-02 03:30:00,19.296112626172146,16.91082067501645
2024-02-02 03:40:00,12.858379189137558,9.887243433876652
2024-02-02 03:50:00,14.441517482111278,13.632958659738389
2024-02-02 04:00:00,13.639003427790435,9.487055815044716
2024-02-02 04:10:00,11.037111556894988,7.878931342527141
2024-02-02 04:20:00,14.575076476272006,12.512191303323343
2024-02-02 04:30:00,14.693531717394892,14.215690348602914
2024-02-02 04:40:00,19.908704310403458,18.341254028594413
2024-02-02 04:50:00,16.911174858663095,12.26407915446774
2024-02-02 05:00:00,17.142204036390265,17.08638617458738
2024-02-02 05:10:00,10.108121010238559,8.214771054083858
2024-02-02 05:20:00,14.551331977825154,10.368354605586378
2024-02-02 05:30:00,15.944317155662262,11.649704274142309
2024-02-02 05:40:00,18.256746484496983,15.072758095065904
2024-02-02 05:50:00,18.07565752151032,13.69751757478777
2024-02-02 06:00:00,13.835959510690644,13.190865067203758
2024-02-02 06:10:00,14.977434742936538,14.352770714703755
2024-02-02 06:20:00,14.464729683582839,13.438538171551055
2024-02-02 06:30:00,17.521778404720486,13.894633674389608
2024-02-02 06:40:00,17.223417152356582,14.104026487983885
2024-02-02 06:50:00,16.968546254635562,14.737911484406535
2024-02-02 07:00:00,16.946477456230234,12.253446150487385
2024-02-02 07:10:00,17.44788060893504,14.363469955537042
2024-02-02 07:20:00,18.37347032871235,14.38196654790821
2024-02-02 07:30:00,17.665986084195975,15.696211049699246
2024-02-02 07:40:00,17.02373371145336,16.027023538529306
2024-02-02 07:50:00,17.553459465620502,17.537096122235347
2024-02-02 08:00:00,11.022232734794956,6.944055673652661
2024-02-02 08:10:00,17.26351223772794,15.079162846294407
2024-02-02 08:20:00,13.721540470392647,12.137277190129897
2024-02-02 08:30:00,17.854880371415494,16.753330542548813
2024-02-02 08:40:00,16.761274926708804,15.081741072199689
2024-02-02 08:50:00,14.287479062435589,10.830656993600261
2024-02-02 09:00:00,10.656174615533306,8.348422326083455
2024-02-02 09:10:00,18.84365197069538,15.005817938163851
2024-02-02 09:20:00,13.626204410508535,11.851143041603876
2024-02-02 09:30:00,13.453068190728388,12.679478516668883
2024-02-02 09:40:00,11.923678120923691,11.916467362596798
2024-02-02 09:50:00,15.084279747397927,13.913099030891168
2024-02-02 10:00:00,18.49596502534274,14.915872298992523
2024-02-02 10:10:00,16.36293816245593,15.603067161703537
2024-02-02 10:20:00,16.49404419942602,15.036784543146114
2024-02-02 10:30:00,15.909560818988616,14.49651457580498
2024-02-02 10:40:00,10.856892217494835,9.950192095388473
2024-02-02 10:50:00,16.774894019147283,13.86447597292388
2024-02-02 11:00:00,19.434084163487228,14.706851557394286
2024-02-02 11:10:00,15.96081883752421,15.81298644897236
2024-02-02 11:20:00,14.747616577337983,11.08890248132273
2024-02-02 11:30:00,14.95319873651591,11.99503279908824
2024-02-02 11:40:00,19.23570051515127,15.850097454636686
2024-02-02 11:50:00,15.00853560395672,12.195097526501527
2024-02-02 12:00:00,14.999061940034238,14.609552179048855
2024-02-02 12:10:00,10.123563149890453,9.051876264731558
2024-02-02 12:20:00,10.076639855569665,5.562828595662431
2024-02-02 12:30:00,16.728633497047262,14.338043510834877
2024-02-02 12:40:00,17.68803354142653,14.276356456330843
2024-02-02 12:50:00,13.530517750766899,8.632244804125406
2024-02-02 13:00:00,19.401902935247694,16.34356683531945
2024-02-02 13:10:00,13.883877133844006,12.10099457259266
2024-02-02 13:20:00,13.919040935435977,11.47785548359483
2024-02-02 13:30:00,14.961146674563013,13.783701308118788
2024-02-02 13:40:00,15.453278913174792,13.6301088586867
2024-02-02 13:50:00,13.966605438324578,11.017220706190196
2024-02-02 14:00:00,14.119705356159127,12.355584467265924
2024-02-02 14:10:00,18.43902256425522,15.73465070443731
2024-02-02 14:20:00,18.85048617238875,14.824368816839222
2024-02-02 14:30:00,15.049507952019887,11.50412339552312
2024-02-02 14:40:00,13.172600010764933,12.78902843099936
2024-02-02 14:50:00,17.203267990724008,12.938032208125932
2024-02-02 15:00:00,11.071942220105925,9.661003226627841
2024-02-02 15:10:00,15.752532736689208,14.164257238235312
2024-02-02 15:20:00,19.519793465384566,15.942369936419679
2024-02-02 15:30:00,16.362210655814664,13.82877806263022
2024-02-02 15:40:00,17.969089240351508,13.809117861655483
2024-02-02 15:50:00,13.68400755044067,9.083695188761519
2024-02-02 16:00:00,19.973288194491403,17.005394842445064
2024-02-02 16:10:00,17.73891361162071,14.845053208122161
2024-02-02 16:20:00,19.587046171747353,14.733503982643224
2024-02-02 16:30:00,19.950867204230285,18.65591323853918
2024-02-02 16:40:00,16.801881253922303,14.27349716400034
2024-02-02 16:50:00,13.99807551155942,10.94717483616579
2024-02-02 17:00:00,11.188696620051935,9.85222194482218
2024-02-02 17:10:00,11.368427145778174,11.263392155623112
2024-02-02 17:20:00,13.1004864752003,12.8096818208452
2024-02-02 17:30:00,13.42105230853739,12.051355531422526
2024-02-02 17:40:00,13.901522876277426,9.392668496313838
2024-02-02 17:50:00,16.2206285576405,13.535211299483995
2024-02-02 18:00:00,19.988415148631884,18.847112324984185
2024-02-02 18:10:00,16.33536932706619,16.24501695129244
2024-02-02 18:20:00,12.161183245120379,10.515118371732742
2024-02-02 18:30:00,10.363845590008287,8.196838031215783
2024-02-02 18:40:00,10.784023954966829,8.378574114805245
2024-02-02 18:50:00,10.258774222055466,10.008335600896071
2024-02-02 19:00:00,16.311132571013317,12.73114521235913
2024-02-02 19:10:00,16.87059034611388,13.388892651874992
2024-02-02 19:20:00,14.32978642961525,12.400952393888762
2024-02-02 19:30:00,14.674834590314052,10.309581509284605
2024-02-02 19:40:00,15.238191754355537,12.762679945218846
2024-02-02 19:50:00,15.247384181769212,11.479804497299716
2024-02-02 20:00:00,19.91418606730135,15.431233899066708
2024-02-02 20:10:00,17.703524391596495,13.97193787578083
2024-02-02 20:20:00,19.465013159586476,15.601795507059734
2024-02-02 20:30:00,18.021758101835566,14.492027925588813
2024-02-02 20:40:00,12.534491715731727,8.810408289273857
2024-02-02 20:50:00,11.559881437519977,10.19054490590653
2024-02-02 21:00:00,16.378380498312,15.364589952706979
2024-02-02 21:10:00,17.895430203671552,15.094959061135416
2024-02-02 21:20:00,19.01716706451967,14.598954223558643
2024-02-02 21:30:00,11.726895303698925,8.736928561293647
2024-02-02 21:40:00,16.62844303190646,12.933321826450976
2024-02-02 21:50:00,10.604108984431168,8.779592645336146
2024-02-02 22:00:00,14.372399653204361,10.109926782350945
2024-02-02 22:10:00,18.901622033405108,16.53381026586213
2024-02-02 22:20:00,17.775525501122722,16.413869747990148
2024-02-02 22:30:00,13.38001844555384,10.878650402138064
2024-02-02 22:40:00,19.180993424224507,14.486273759866313
2024-02-02 22:50:00,11.936797902852668,10.305716210053257
2024-02-02 23:00:00,19.54171413231065,17.29469137797653
2024-02-02 23:10:00,17.776698426388087,16.00403673572768
2024-02-02 23:20:00,18.793596045368197,15.161927189518027
2024-02-02 23:30:00,16.35822993338059,14.291461534419827
2024-02-02 23:40:00,14.041042305885089,13.412763072385486
2024-02-02 23:50:00,16.292271179241133,12.10871269881127
2024-02-03 00:00:00,15.53522343971464,13.69816739751921
2024-02-03 00:10:00,15.086005164065858,13.74910260539161
2024-02-03 00:20:00,13.84175995515357,10.87472499714494
2024-02-03 00:30:00,13.382562567535228,10.774793233577338
2024-02-03 00:40:00,14.583368392432693,13.370955329274098
2024-02-03 00:50:00,16.332706729842272,15.89452657232186
2024-02-03 01:00:00,11.11292416052278,8.95775182054273
2024-02-03 01:10:00,11.414272910107446,9.704191391813529
2024-02-03 01:20:00,18.933426584466936,17.383471363265777
2024-02-03 01:30:00,15.71835875809927,14.293626598650414
2024-02-03 01:40:00,19.142539280154754,18.981943985955255
2024-02-03 01:50:00,12.11407154966001,10.118553665973963
2024-02-03 02:00:00,11.260463416036172,6.413236429527911
2024-02-03 02:10:00,19.030563301267538,15.886475254521553
2024-02-03 02:20:00,11.881369750503902,9.479823869836963
2024-02-03 02:30:00,12.711252818400997,9.657761719837072
2024-02-03 02:40:00,14.345577195388161,11.209328191878638
2024-02-03 02:50:00,17.288167088746007,14.321896041237014
2024-02-03 03:00:00,11.066390274325741,10.603199018413443
2024-02-03 03:10:00,17.479275595847188,13.814602874088344
2024-02-03 03:20:00,18.631382787870056,18.27271771704957
2024-02-03 03:30:00,16.801622816792328,14.966758113820049
2024-02-03 03:40:00,17.38109008983381,15.955442719104893
2024-02-03 03:50:00,18.99481842235437,18.8519187250225
2024-02-03 04:00:00,15.341687862434512,13.354171885810493
2024-02-03 04:10:00,18.649501613744327,13.683457512445262
2024-02-03 04:20:00,13.5920246608969,12.310689241748427
2024-02-03 04:30:00,16.381021823021257,12.217051019243
2024-02-03 04:40:00,10.38808154843961,8.346889574645637
2024-02-03 04:50:00,10.429657297690833,6.2190680198701545
2024-02-03 05:00:00,11.236152943747182,7.0378228357650485
2024-02-03 05:10:00,18.37744243067958,17.863663360195705
2024-02-03 05:20:00,14.996075689702757,10.680122899904536
2024-02-03 05:30:00,13.55566433567252,10.406830219387182
2024-02-03 05:40:00,16.426914357418667,13.18125144609649
2024-02-03 05:50:00,14.64133593489845,13.594888563123142
2024-02-03 06:00:00,15.9628965149681,11.18450411806183
2024-02-03 06:10:00,14.16032282068843,12.573338112039876
2024-02-03 06:20:00,17.453970408310038,13.598269860402993
2024-02-03 06:30:00,17.039598115781097,15.51233901368241
2024-02-03 06:40:00,14.596940959286702,10.799007659996644
2024-02-03 06:50:00,14.072356620681878,13.080429463494436
2024-02-03 07:00:00,12.948968845388926,11.027909603356903
2024-02-03 07:10:00,13.943014676072803,13.585692113366829
2024-02-03 07:20:00,17.262067876540755,14.724505177673816
2024-02-03 07:30:00,15.373621837538288,10.706622121150733
2024-02-03 07:40:00,13.374729969900919,11.220460606327817
2024-02-03 07:50:00,16.58445230476904,14.301684369437176
2024-02-03 08:00:00,14.05877217617283,10.35054561371484
2024-02-03 08:10:00,19.607197303696502,17.76465768739206
2024-02-03 08:20:00,15.96264342744492,13.309884744747661
2024-02-03 08:30:00,17.300107999061595,13.427583443740708
2024-02-03 08:40:00,19.42186009216015,16.2994801770076
2024-02-03 08:50:00,17.148438941627006,12.744365427426793
2024-02-03 09:00:00,17.581565570652163,16.899708833508058
2024-02-03 09:10:00,14.357393256369221,10.38427799030057
2024-02-03 09:20:00,12.577794446583678,11.760672477528699
2024-02-03 09:30:00,19.11674415940056,14.877473064100704
2024-02-03 09:40:00,17.93059995396944,13.371891585550054
2024-02-03 09:50:00,13.80342969185272,10.044627719298475
2024-02-03 10:00:00,13.471796984120314,9.372498375328789
2024-02-03 10:10:00,18.527029541810517,15.38011747308034
2024-02-03 10:20:00,10.603653801248829,8.887188889587955
2024-02-03 10:30:00,14.532312182675017,12.240298538599422
2024-02-03 10:40:00,13.767589437783933,12.458543496382086
2024-02-03 10:50:00,16.088489205406376,14.788414304284016
2024-02-03 11:00:00,14.999938376962834,10.098194200711692
2024-02-03 11:10:00,10.535824460492671,7.571413084977726
2024-02-03 11:20:00,19.36162702597432,15.58171730208581
2024-02-03 11:30:00,14.465470566732446,13.923791520594245
2024-02-03 11:40:00,12.505866720047678,11.134267045774212
2024-02-03 11:50:00,18.178714478593957,14.186789562254166
2024-02-03 12:00:00,15.605878854374899,14.245983949940905
2024-02-03 12:10:00,15.64546426260282,11.370569610151758
2024-02-03 12:20:00,13.604681203463906,10.792747602653321
2024-02-03 12:30:00,14.682853861258216,11.43880842009505
2024-02-03 12:40:00,16.92803514156338,12.023702894867121
2024-02-03 12:50:00,11.235297585399573,7.856746797027439
2024-02-03 13:00:00,10.052097696184374,7.779183241035428
2024-02-03 13:10:00,17.65317004879664,16.235391325343752
2024-02-03 13:20:00,14.689958288325021,13.250184443097808
2024-02-03 13:30:00,15.352415570060163,10.783604637860554
2024-02-03 13:40:00,14.85099455558197,10.382441132586571
2024-02-03 13:50:00,14.608936419463598,13.978034889641387
2024-02-03 14:00:00,12.501620656518167,9.400278634367792
2024-02-03 14:10:00,19.37990025852683,18.916728593892685
2024-02-03 14:20:00,18.49882054109315,16.962843526605834
2024-02-03 14:30:00,13.119471272910832,10.637212198262358
2024-02-03 14:40:00,10.444720466533768,10.018010204145972
2024-02-03 14:50:00,17.329964938212328,16.965901342465653
2024-02-03 15:00:00,14.20386542301694,10.879600969855996
2024-02-03 15:10:00,15.281721272885349,13.961900972185063
2024-02-03 15:20:00,18.538488391511773,16.00907152563427
2024-02-03 15:30:00,12.145241228927762,11.209683264767095
2024-02-03 15:40:00,14.142227485105892,12.649515119108877
2024-02-03 15:50:00,14.827101691737345,10.364717205657847
2024-02-03 16:00:00,16.401203760921582,16.230563180394984
2024-02-03 16:10:00,18.221233873548385,15.291899928686343
2024-02-03 16:20:00,12.78834694169889,9.97063875977816
2024-02-03 16:30:00,18.767807566800357,16.83030707692479
2024-02-03 16:40:00,15.907304743947495,14.028836259205514
2024-02-03 16:50:00,14.833528431590796,12.002166418734472
2024-02-03 17:00:00,11.788022192484288,11.007311465555182
2024-02-03 17:10:00,11.05661297939242,9.838474962130798
2024-02-03 17:20:00,19.12961265218095,14.757201789768732
2024-02-03 17:30:00,19.690867340746948,17.295602128710634
2024-02-03 17:40:00,16.619435394990585,12.319229635925593
2024-02-03 17:50:00,12.242288578190312,10.91368107380793
2024-02-03 18:00:00,12.983640220892276,9.94652343762379
2024-02-03 18:10:00,15.42430837704389,15.368777215902446
2024-02-03 18:20:00,12.582430696756344,12.286518972110976
2024-02-03 18:30:00,18.03862809727496,14.07472264116294
2024-02-03 18:40:00,18.86308281845016,16.989261586546874
2024-02-03 18:50:00,10.672554078541364,8.766254027525735
2024-02-03 19:00:00,10.11952489143974,6.914318068348752
2024-02-03 19:10:00,17.7418701065829,17.62977117750848
2024-02-03 19:20:00,17.68618329061744,17.680508154075234
2024-02-03 19:30:00,14.931708747303786,10.214766081827506
2024-02-03 19:40:00,11.606598878699852,7.357164377989077
2024-02-03 19:50:00,15.864956918992863,12.576339032691337
2024-02-03 20:00:00,12.85013977816642,10.96496904507174
2024-02-03 20:10:00,16.292470903843,13.278708055767158
2024-02-03 20:20:00,10.402027320449506,5.813882391633398
2024-02-03 20:30:00,10.15257954297917,9.826700251779707
2024-02-03 20:40:00,16.773391227184753,12.963099805969575
2024-02-03 20:50:00,11.540197246692449,9.254740711464489
2024-02-03 21:00:00,13.94832476849836,13.713506738935125
2024-02-03 21:10:00,18.53944825169291,17.645674086938797
2024-02-03 21:20:00,16.249111985692487,13.498790073274417
2024-02-03 21:30:00,13.570942594435472,11.208864621889719
2024-02-03 21:40:00,18.04557089670015,17.321512692595967
2024-02-03 21:50:00,19.658087298624572,16.10598217511712
2024-02-03 22:00:00,13.20249753544689,13.197474207731004
2024-02-03 22:10:00,10.956816694179185,6.244195778914177
2024-02-03 22:20:00,18.644741225075485,16.004420809077125
2024-02-03 22:30:00,14.560063793125764,10.499847847795673
2024-02-03 22:40:00,16.275709669801216,16.05574866492693
2024-02-03 22:50:00,17.467054085495455,15.459616829443664
2024-02-03 23:00:00,18.53025146158322,15.691002487395881
2024-02-03 23:10:00,17.68424098663012,17.58540297352191
2024-02-03 23:20:00,15.86024496011371,12.589540863801039
2024-02-03 23:30:00,16.479933418453395,12.162049309808728
2024-02-03 23:40:00,11.545819557025553,9.325391837604895
2024-02-03 23:50:00,16.554936444035903,14.615120855867964
2024-02-04 00:00:00,14.52331717268234,12.996790813433716
2024-02-04 00:10:00,17.84611405470609,14.113883436745686
2024-02-04 00:20:00,11.619125127611163,11.07471149085855
2024-02-04 00:30:00,19.373466464515957,17.41888730718922
2024-02-04 00:40:00,10.859715295392538,9.115184675938504
2024-02-04 00:50:00,11.87352792632364,7.474041939194892
2024-02-04 01:00:00,16.41626357890871,16.001867328084632
2024-02-04 01:10:00,13.369819297964856,9.980263495892897
2024-02-04 01:20:00,15.761862593717874,14.336411053828888
2024-02-04 01:30:00,18.584267969264232,14.16587875304528
2024-02-04 01:40:00,13.31224369118597,12.211685208546111
2024-02-04 01:50:00,15.058993774369016,10.68128863458607
2024-02-04 02:00:00,19.373505005942647,16.712460985791456
2024-02-04 02:10:00,11.569426784165767,8.53461619366389
2024-02-04 02:20:00,19.446280451202682,14.695361550788618
2024-02-04 02:30:00,15.40691234445125,13.378283286981816
2024-02-04 02:40:00,16.11815101316646,13.934141717346426
2024-02-04 02:50:00,16.142979665505052,11.966347973213821
2024-02-04 03:00:00,16.49089772884247,11.627465860495478
2024-02-04 03:10:00,14.471976249546518,10.506973913891237
2024-02-04 03:20:00,11.132072139356126,8.33847331826957
2024-02-04 03:30:00,19.26324054403499,15.926905345205201
2024-02-04 03:40:00,15.60800283786784,12.777052524189573
2024-02-04 03:50:00,17.32104362208478,15.280629406406769
2024-02-04 04:00:00,18.547344737089173,16.30281019900882
2024-02-04 04:10:00,13.646713350524298,9.191680925709774
2024-02-04 04:20:00,11.879059644980943,8.609977748120379
2024-02-04 04:30:00,15.228951925899032,13.084813874669997
2024-02-04 04:40:00,15.481162374023071,15.370814899964277
2024-02-04 04:50:00,15.867226808108896,12.782993633788458
2024-02-04 05:00:00,16.79267397700007,16.335276176622962
2024-02-04 05:10:00,17.403874190635776,14.884329820427993
2024-02-04 05:20:00,11.796492134901907,8.347990768184314
2024-02-04 05:30:00,14.964740613717547,10.283566495465008
2024-02-04 05:40:00,17.329535367313632,14.33018334836882
2024-02-04 05:50:00,15.245439527009452,10.541936060259836
2024-02-04 06:00:00,18.573456706388818,17.8439765732451
2024-02-04 06:10:00,10.466697887342871,8.534214388567882
2024-02-04 06:20:00,15.36006114119689,12.659647896161125
2024-02-04 06:30:00,11.93031956423387,9.960554248235757
2024-02-04 06:40:00,15.15414364365936,13.696019950020093
2024-02-04 06:50:00,11.364771853816906,8.294210514845348
2024-02-04 07:00:00,19.742763543431423,15.470450245920713
2024-02-04 07:10:00,17.517712382819266,16.87755609866833
2024-02-04 07:20:00,12.248705414444045,10.025531732946737
2024-02-04 07:30:00,14.693397246481867,14.215581556561586
2024-02-04 07:40:00,11.748538450217586,11.152981250186452
2024-02-04 07:50:00,15.165539304147996,13.756683635101956
2024-02-04 08:00:00,18.637390563229992,16.030826136897225
2024-02-04 08:10:00,16.957568876735966,15.962071406919755
2024-02-04 08:20:00,11.080196946659091,10.624855922966427
2024-02-04 08:30:00,12.71264285252042,9.145667027429866
2024-02-04 08:40:00,16.882850128253192,13.15119086669702
2024-02-04 08:50:00,19.563300071652257,18.552161444937855
2024-02-04 09:00:00,12.397051131263712,11.766879411562513
2024-02-04 09:10:00,14.829547592338393,14.116430348663283
2024-02-04 09:20:00,13.874448506462857,10.314093282903329
2024-02-04 09:30:00,18.42717616072529,15.93711547299074
2024-02-04 09:40:00,14.231670272197404,13.388751010816225
2024-02-04 09:50:00,16.508578965646418,15.582516674778791
2024-02-04 10:00:00,18.546368213315347,17.390470547204675
2024-02-04 10:10:00,16.556931319648225,16.461453049697894
2024-02-04 10:20:00,11.773463828742818,8.418232888122306
2024-02-04 10:30:00,17.71783172487639,17.373999987016727
2024-02-04 10:40:00,14.316258617147593,11.966480170372213
2024-02-04 10:50:00,11.369012530107558,7.155228675500273
2024-02-04 11:00:00,17.816068107599786,14.826301373560813
2024-02-04 11:10:00,13.525754874329847,12.640282200765146
2024-02-04 11:20:00,19.320303385470737,18.099886598097722
2024-02-04 11:30:00,19.02809264244182,17.852812919909674
2024-02-04 11:40:00,16.807527103098018,14.489167315412365
2024-02-04 11:50:00,11.741933700211856,7.503569520335642
2024-02-04 12:00:00,10.30771601660808,5.460568100894002
2024-02-04 12:10:00,10.087310033285348,9.615113570883507
2024-02-04 12:20:00,18.1585426177937,13.697248828239037
2024-02-04 12:30:00,14.240116343693035,10.03788148164907
2024-02-04 12:40:00,19.432150689692214,17.195109820261422
2024-02-04 12:50:00,18.69422767663832,18.635819955364582
2024-02-04 13:00:00,19.10758159330719,14.704862879893739
2024-02-04 13:10:00,18.31587054061139,14.322614855152205
2024-02-04 13:20:00,10.33322319924386,8.862834321784714
2024-02-04 13:30:00,17.273040115945218,15.66748229326402
2024-02-04 13:40:00,12.854831769727596,8.983893121957124
2024-02-04 13:50:00,18.438191118680404,16.70127750721145
2024-02-04 14:00:00,15.48536577858931,14.16063056539307
2024-02-04 14:10:00,11.508674340848176,9.268047390463398
2024-02-04 14:20:00,15.19393411975218,13.569629981293737
2024-02-04 14:30:00,15.066059997580624,10.391815022925098
2024-02-04 14:40:00,14.656592334767907,10.882890647829111
2024-02-04 14:50:00,18.054697635172083,17.763135173201277
2024-02-04 15:00:00,17.068706535366093,13.706672238182023
2024-02-04 15:10:00,13.588122949897452,11.411290375397037
2024-02-04 15:20:00,12.717182403738432,11.617281155013835
2024-02-04 15:30:00,10.075340113421397,8.432816009881059
2024-02-04 15:40:00,12.21095850845461,10.77035835430047
2024-02-04 15:50:00,16.79256157045443,14.748215455204797
2024-02-04 16:00:00,12.346874699045154,9.841672072450592
2024-02-04 16:10:00,18.58339893508408,13.676902911371652
2024-02-04 16:20:00,14.215269470030254,9.289850220073797
2024-02-04 16:30:00,14.82220724316292,11.188297101339447
2024-02-04 16:40:00,13.496957763835878,9.428959631740245
2024-02-04 16:50:00,14.649206308989442,13.822475383863427
2024-02-04 17:00:00,13.486579650659731,12.13013867964236
2024-02-04 17:10:00,19.86301833763035,18.688831718091414
2024-02-04 17:20:00,17.28589367075213,15.87197683806551
2024-02-04 17:30:00,18.176677881814772,16.40323179606523
2024-02-04 17:40:00,14.059411727614748,13.070752928603374
2024-02-04 17:50:00,18.09310113959173,15.930699385271822
2024-02-04 18:00:00,13.515297580704013,11.139870663865278
2024-02-04 18:10:00,14.684405774352822,10.39235727140925
2024-02-04 18:20:00,14.416481928167462,11.251288729346307
2024-02-04 18:30:00,13.174457245868608,9.478824488201152
2024-02-04 18:40:00,12.112116907929998,9.717255007560762
2024-02-04 18:50:00,18.329121051259868,17.55491401975855
2024-02-04 19:00:00,15.272274958298738,10.363455941148604
2024-02-04 19:10:00,19.500866867234926,15.25326585720623
2024-02-04 19:20:00,14.06464925731447,9.837473794585195
2024-02-04 19:30:00,14.427945878159981,10.95798510545905
2024-02-04 19:40:00,16.010156160275905,12.525304700501055
2024-02-04 19:50:00,14.619200026489619,13.647424221346414
2024-02-04 20:00:00,11.22712510353362,8.015172018947235
2024-02-04 20:10:00,15.419338059014718,10.430573067156505
2024-02-04 20:20:00,17.71745431958422,14.574659511798066
2024-02-04 20:30:00,11.77475420358933,8.084731686020998
2024-02-04 20:40:00,11.594303123498106,7.629436255464425
2024-02-04 20:50:00,15.685182197646322,11.458125782114998
2024-02-04 21:00:00,14.590366791944518,13.094924521368322
2024-02-04 21:10:00,19.879902093672808,16.751637289256852
2024-02-04 21:20:00,16.691197416744913,16.487232050553356
2024-02-04 21:30:00,16.251721792802076,11.806911518417383
2024-02-04 21:40:00,19.59182564277262,19.525348701750545
2024-02-04 21:50:00,13.434673646897544,12.923414603924998
2024-02-04 22:00:00,17.221890680725288,12.708479253506692
2024-02-04 22:10:00,12.095090399294532,10.677932502755898
2024-02-04 22:20:00,18.044149421168708,13.403437875118057
2024-02-04 22:30:00,18.907459217128494,15.180479715837524
2024-02-04 22:40:00,18.068752311867243,15.900690496640705
2024-02-04 22:50:00,10.827859857956579,6.524582879556243
2024-02-04 23:00:00,17.315593989315328,15.559866450447158
2024-02-04 23:10:00,16.930032228553898,13.150612016777995
2024-02-04 23:20:00,10.032465102545554,5.361510658302813
2024-02-04 23:30:00,11.997207317382111,10.927360545880038
2024-02-04 23:40:00,16.718920810691266,16.139489774281998
2024-02-04 23:50:00,12.950100257135002,11.85734471220385
2024-02-05 00:00:00,14.123057315128989,9.216067990287733
2024-02-05 00:10:00,16.66688269916022,16.1705100752524
2024-02-05 00:20:00,15.047423125671628,13.855082168275686
2024-02-05 00:30:00,18.39402957807397,16.968710502217302
2024-02-05 00:40:00,16.061231079886074,14.833442683966991
2024-02-05 00:50:00,19.36010613574181,18.41845223269982
2024-02-05 01:00:00,13.041423731545255,9.369825507952228
2024-02-05 01:10:00,12.438406811164553,7.971760869125283
2024-02-05 01:20:00,15.299295845781947,14.947868736183008
2024-02-05 01:30:00,16.788427260306776,16.26325721955643
2024-02-05 01:40:00,15.71663527737642,11.79556630613253
2024-02-05 01:50:00,15.613245839862753,15.115304571291365
2024-02-05 02:00:00,15.628562386475204,11.761741378863844
2024-02-05 02:10:00,19.610781185329856,19.029277452551742
2024-02-05 02:20:00,14.128446824581939,10.343506860433655
2024-02-05 02:30:00,13.588992723280946,8.911454887836188
2024-02-05 02:40:00,19.80841931018883,18.28472216126587
2024-02-05 02:50:00,18.230809579979955,17.010497935024304
2024-02-05 03:00:00,11.501207153294256,10.393962498678784
2024-02-05 03:10:00,12.296447727153414,12.21734699783849
2024-02-05 03:20:00,11.27426482813081,8.535618909319293
2024-02-05 03:30:00,10.662873258127963,7.67334249527891
2024-02-05 03:40:00,17.007158775239503,16.46071919817041
2024-02-05 03:50:00,18.952525226502864,14.013378376951195
2024-02-05 04:00:00,12.110557556326043,9.06564107555166
2024-02-05 04:10:00,10.545514638799418,6.127352458913462
2024-02-05 04:20:00,10.16935308577226,9.753212199634095
2024-02-05 04:30:00,17.733053645156186,13.964874174580384
2024-02-05 04:40:00,13.33911780545379,13.295200284149715
2024-02-05 04:50:00,16.928190493400646,16.339492542087907
2024-02-05 05:00:00,18.020886958467365,13.159611009625774
2024-02-05 05:10:00,18.547900851943666,14.043322774276525
2024-02-05 05:20:00,19.426365395098212,16.128648249587343
2024-02-05 05:30:00,14.848936085200107,14.073795638249173
2024-02-05 05:40:00,15.200004118420892,11.411200507640952
2024-02-05 05:50:00,14.898356507979914,11.251675942280908
2024-02-05 06:00:00,13.459426719131324,10.975551338562582
2024-02-05 06:10:00,19.820666269375216,19.729669437736607
2024-02-05 06:20:00,19.735105909750796,18.320168784186272
2024-02-05 06:30:00,13.524449486745612,9.129703804635234
2024-02-05 06:40:00,17.958721243011713,17.16985690091126
2024-02-05 06:50:00,11.885927427054577,11.646258920039745
2024-02-05 07:00:00,18.62894478834882,16.170590924366078
2024-02-05 07:10:00,12.51582513652642,11.322776821360586
2024-02-05 07:20:00,15.022260122000688,10.800140230982535
2024-02-05 07:30:00,10.387564400279775,9.489997167986466
2024-02-05 07:40:00,16.80734202135153,16.285093669905535
2024-02-05 07:50:00,19.902356069067668,17.04996748097968
2024-02-05 08:00:00,13.879933492545124,9.698454309454256
2024-02-05 08:10:00,17.55147069995241,15.287064481832932
2024-02-05 08:20:00,13.10033851267488,11.532361514455273
2024-02-05 08:30:00,10.975380418325262,10.023990332050673
2024-02-05 08:40:00,10.96268295474171,7.5163047722758485
2024-02-05 08:50:00,12.08315304618975,10.519381498691828
2024-02-05 09:00:00,15.487543714801157,13.62126189979289
2024-02-05 09:10:00,10.842367356492064,7.3332547773212005
2024-02-05 09:20:00,12.937360558830736,8.404703307569594
2024-02-05 09:30:00,12.164475150025208,7.221182864342007
2024-02-05 09:40:00,15.908101796027204,12.467223281620385
2024-02-05 09:50:00,12.146985408905383,8.304201322729993
2024-02-05 10:00:00,17.256807008568778,17.139440512163024
2024-02-05 10:10:00,14.064169860392402,13.863327997907938
2024-02-05 10:20:00,15.334620384502342,11.700891487480368
2024-02-05 10:30:00,16.02511573335292,14.167239248914527
2024-02-05 10:40:00,15.793220614095606,11.246912154483613
2024-02-05 10:50:00,12.574497988817152,9.680095959814649
2024-02-05 11:00:00,17.844860673892654,12.85601320165749
2024-02-05 11:10:00,13.89878041437363,13.571749945180338
2024-02-05 11:20:00,10.780995867633965,9.698780706910513
2024-02-05 11:30:00,10.889465303302883,10.512861297096523
2024-02-05 11:40:00,19.588744251122435,14.709559581708522
2024-02-05 11:50:00,16.633558270506633,13.179623454965306
2024-02-05 12:00:00,18.583272021773933,17.329530644081235
2024-02-05 12:10:00,14.534380461704865,12.233073792429156
2024-02-05 12:20:00,13.979869820768076,9.511884648332623
2024-02-05 12:30:00,19.75378667163742,17.49071188961867
2024-02-05 12:40:00,15.862756048100621,11.231007600829816
2024-02-05 12:50:00,16.53780113363807,13.135497875129229
2024-02-05 13:00:00,13.300955883169735,10.683827086443458
2024-02-05 13:10:00,14.471269208825497,9.998485827438103
2024-02-05 13:20:00,17.178897878001713,15.654003999141693
2024-02-05 13:30:00,11.045748146416592,10.780028083679095
2024-02-05 13:40:00,12.104310127991447,8.551581148668348
2024-02-05 13:50:00,12.581244963950041,9.253274045254209
2024-02-05 14:00:00,16.26953332319895,11.82596120930877
2024-02-05 14:10:00,10.26534893444238,9.410008226645727
2024-02-05 14:20:00,12.962983961111988,10.966323566735024
2024-02-05 14:30:00,13.829132052545352,9.173469092023229
2024-02-05 14:40:00,14.00822799793205,9.337155346134796
2024-02-05 14:50:00,18.70768283295268,13.960904388036841
2024-02-05 15:00:00,15.451372706597455,13.648765402641416
2024-02-05 15:10:00,16.00810854392287,15.386312416112382
2024-02-05 15:20:00,13.96015332998298,10.441523580869971
2024-02-05 15:30:00,12.03009357747241,8.244027204312376
2024-02-05 15:40:00,17.86453155182799,16.159636463027873
2024-02-05 15:50:00,13.279780480448306,10.530730496319947
2024-02-05 16:00:00,16.106331733384742,13.675853561752895
2024-02-05 16:10:00,14.897020612536078,13.418491318308417
2024-02-05 16:20:00,14.40522190850368,10.9886309983886
2024-02-05 16:30:00,10.802541913160495,6.003052650665633
2024-02-05 16:40:00,17.786109504426758,12.944526839787944
2024-02-05 16:50:00,17.86349189214955,14.530324159545808
2024-02-05 17:00:00,13.836433335084802,13.36661699526477
2024-02-05 17:10:00,10.180945957073199,10.14449714678396
2024-02-05 17:20:00,13.148115780391434,8.957871916050955
2024-02-05 17:30:00,17.581741886399065,13.197032455695567
2024-02-05 17:40:00,16.98974724133033,12.03230753568463
2024-02-05 17:50:00,16.943085899676387,14.769754082362684
2024-02-05 18:00:00,13.886558923029519,12.53256940248403
2024-02-05 18:10:00,12.529645215500967,9.605941765181097
2024-02-05 18:20:00,10.629857655370117,8.33474218578144
2024-02-05 18:30:00,17.60721083552982,16.481246805212475
2024-02-05 18:40:00,13.527275613947472,13.23152701179128
2024-02-05 18:50:00,13.916420591721684,9.727191181818249
2024-02-05 19:00:00,16.49507709290772,15.258760627686549
2024-02-05 19:10:00,19.994747298010303,18.902849826045433
2024-02-05 19:20:00,11.553908630747461,9.894979445796771
2024-02-05 19:30:00,16.730173981434685,13.017901525802301
2024-02-05 19:40:00,13.31093020401086,8.808120527393935
2024-02-05 19:50:00,11.416873017391755,8.854788087436246
2024-02-05 20:00:00,11.040385430952007,9.036570666603673
2024-02-05 20:10:00,19.521436692928486,14.803542741951388
2024-02-05 20:20:00,11.462880873390421,11.370688269418212
2024-02-05 20:30:00,13.408331875352976,9.081249322275083
2024-02-05 20:40:00,11.226341925963649,6.718426940917698
2024-02-05 20:50:00,17.070794723063862,12.205279484096149
2024-02-05 21:00:00,17.779498522450304,13.038757450689786
2024-02-05 21:10:00,17.888240795002922,17.86165838892748
2024-02-05 21:20:00,13.731529322454458,8.99455203865854
2024-02-05 21:30:00,16.956673840834675,13.024347237382203
2024-02-05 21:40:00,18.61943554728601,16.0138454184202
2024-02-05 21:50:00,15.641715769092706,15.54702780233489
2024-02-05 22:00:00,14.767564660039898,13.678389488588325
2024-02-05 22:10:00,12.771225955099524,9.619444458459888
2024-02-05 22:20:00,16.745818602018797,14.779222354385858
2024-02-05 22:30:00,17.78563664451765,17.515247342765438
2024-02-05 22:40:00,12.607747262793907,8.338602229571716
2024-02-05 22:50:00,18.16669247519247,17.3206691061135
2024-02-05 23:00:00,17.720751965314562,13.47608215320874
2024-02-05 23:10:00,10.44907010336935,7.990094771649489
2024-02-05 23:20:00,17.309392042479985,13.000989932609171
2024-02-05 23:30:00,18.400680275252782,15.147169704754285
2024-02-05 23:40:00,10.922886756641986,7.402887064408194
2024-02-05 23:50:00,19.645964272793044,18.556754705395047
2024-02-06 00:00:00,15.070994298402795,14.75000657867259
2024-02-06 00:10:00,19.065646958733467,17.598252248082368
2024-02-06 00:20:00,17.362817017624955,16.661525114968338
2024-02-06 00:30:00,10.976204050262874,6.718451213616381
2024-02-06 00:40:00,12.144784131598252,11.998980339571357
2024-02-06 00:50:00,11.848315782420352,7.504175450289776
2024-02-06 01:00:00,10.429287077616578,8.837393800479383
2024-02-06 01:10:00,11.38530571862326,10.422718232972848
2024-02-06 01:20:00,16.961818036492332,14.5461301216354
2024-02-06 01:30:00,16.21399175602796,12.886823140390634
2024-02-06 01:40:00,17.152282298502584,16.31334863925075
2024-02-06 01:50:00,15.805109898566316,14.54676664817537
2024-02-06 02:00:00,14.033072563612683,10.01713073062493
2024-02-06 02:10:00,10.525540469810831,5.822548998518549
2024-02-06 02:20:00,13.373927918131052,10.376128404839028
2024-02-06 02:30:00,19.239655536699495,18.467991406292303
2024-02-06 02:40:00,18.819539105689877,14.674327310713156
2024-02-06 02:50:00,19.623241439593514,15.443834617008243
2024-02-06 03:00:00,18.87402826529837,15.825652348608383
2024-02-06 03:10:00,12.971161249650184,10.156432136996795
2024-02-06 03:20:00,17.402411916030275,15.64596645978251
2024-02-06 03:30:00,18.485692132170264,16.243989730317445
2024-02-06 03:40:00,14.68780585138396,10.389312847478932
2024-02-06 03:50:00,17.432573223214778,13.88143994305937
2024-02-06 04:00:00,13.273823288806096,8.435086072723323
2024-02-06 04:10:00,18.757024046302185,15.06386107051196
2024-02-06 04:20:00,13.383036321332803,11.978725110751741
2024-02-06 04:30:00,18.2700045978434,16.417852453504715
2024-02-06 04:40:00,17.488325131676078,13.588774332881279
2024-02-06 04:50:00,11.060171766495339,6.073825123661943
2024-02-06 05:00:00,11.315926692230146,6.615551558858826
2024-02-06 05:10:00,10.257117423753776,5.590861219868094
2024-02-06 05:20:00,16.40655844469688,12.455509007486613
2024-02-06 05:30:00,13.273443883092067,10.421168260634058
2024-02-06 05:40:00,10.172673754744029,7.818298251716714
2024-02-06 05:50:00,12.082921707957514,10.017673400103906
2024-02-06 06:00:00,13.520815394461856,10.657398140530994
2024-02-06 06:10:00,15.822657153758874,13.152687514190799
2024-02-06 06:20:00,12.668751208729159,9.731961146676763
2024-02-06 06:30:00,13.423985208679998,10.315664210642804
2024-02-06 06:40:00,13.886007671952779,8.990217852480662
2024-02-06 06:50:00,11.1540187587924,10.20697827960336
2024-02-06 07:00:00,10.591633295686146,5.642461902381058
2024-02-06 07:10:00,17.030907130865888,13.310085216437015
2024-02-06 07:20:00,19.758671077287374,16.044487713025553
2024-02-06 07:30:00,12.745599594568063,8.733722507013265
2024-02-06 07:40:00,18.43875853848305,17.790041056761705
2024-02-06 07:50:00,12.901457085258876,11.363471041558768
2024-02-06 08:00:00,15.247915395445304,14.382895204268841
2024-02-06 08:10:00,13.485300433176295,10.94954028504392
2024-02-06 08:20:00,16.45452771148096,14.463370165214016
2024-02-06 08:30:00,18.411672222435783,14.03309678570842
2024-02-06 08:40:00,16.931319139905675,12.231419893321629
2024-02-06 08:50:00,13.709650363469947,9.541698022490001
2024-02-06 09:00:00,11.975417047130938,8.381570771717328
2024-02-06 09:10:00,18.358088325185847,14.559608153588439
2024-02-06 09:20:00,15.92437352373931,13.019294325589755
2024-02-06 09:30:00,19.771744514701506,15.867880564853394
2024-02-06 09:40:00,16.300723415438508,16.08681246212622
2024-02-06 09:50:00,12.865836495443263,11.44906288435432
2024-02-06 10:00:00,19.552658186142132,18.69372104163343
2024-02-06 10:10:00,15.319930996365226,14.807584064414888
2024-02-06 10:20:00,13.802172461533068,11.530466910174935
2024-02-06 10:30:00,12.09484160123904,11.103604488867937
2024-02-06 10:40:00,13.546398183014011,13.309424279747955
2024-02-06 10:50:00,13.793067235126637,13.77506649690732
2024-02-06 11:00:00,18.164443145781064,15.235678502792672
2024-02-06 11:10:00,11.071724234975811,10.178939767228485
2024-02-06 11:20:00,16.523409199304904,13.563314466946647
2024-02-06 11:30:00,17.30793001065514,15.07871000338782
2024-02-06 11:40:00,17.939827489321946,16.182472301491693
2024-02-06 11:50:00,10.302309205964333,6.145055334519763
2024-02-06 12:00:00,14.95000838852686,12.504572471882124
2024-02-06 12:10:00,10.437026491363682,10.155560091261929
2024-02-06 12:20:00,14.481310689292624,14.15842039336221
2024-02-06 12:30:00,17.04225166196631,16.37368382339068
2024-02-06 12:40:00,15.846863625207353,11.111740620663914
2024-02-06 12:50:00,15.501626666307335,14.203421298033383
2024-02-06 13:00:00,18.626339767510224,18.25798608759387
2024-02-06 13:10:00,18.344735130726228,14.25574872162342
2024-02-06 13:20:00,19.373472060713645,14.541788964433522
2024-02-06 13:30:00,12.383763062736708,7.430755368765131
2024-02-06 13:40:00,15.361765231990804,10.794253302954282
2024-02-06 13:50:00,13.745018899631503,9.78694895242707
2024-02-06 14:00:00,19.72538127759242,15.880805829428239
2024-02-06 14:10:00,10.515244874823653,9.863343582463749
2024-02-06 14:20:00,13.88821679641125,12.651891161878384
2024-02-06 14:30:00,11.412332390481778,11.161815705670781
2024-02-06 14:40:00,10.853782374873632,10.17656379088913
2024-02-06 14:50:00,13.081902087432312,8.94493271583972
2024-02-06 15:00:00,13.626750044263787,10.03648249069082
2024-02-06 15:10:00,11.244098646928588,7.997328152384289
2024-02-06 15:20:00,17.315346156571984,13.380028568401382
2024-02-06 15:30:00,12.622146914005484,9.941677849818895
2024-02-06 15:40:00,19.5670995745083,16.921912964320576
2024-02-06 15:50:00,15.149658164411047,13.135947285276357
2024-02-06 16:00:00,12.16251801223531,10.000321033356943
2024-02-06 16:10:00,19.72593047678124,16.101021533421005
2024-02-06 16:20:00,11.197659485311313,6.47888633066331
2024-02-06 16:30:00,13.731061177829886,13.621457988827053
2024-02-06 16:40:00,17.685726073586558,13.126938074754571
2024-02-06 16:50:00,18.52033742902544,14.753473549487213
2024-02-06 17:00:00,18.28795884002266,16.699855104529014
2024-02-06 17:10:00,16.103798132091995,15.849906697240707
2024-02-06 17:20:00,14.941966073306112,11.422422993758968
2024-02-06 17:30:00,19.041485196400274,15.621203062208915
2024-02-06 17:40:00,14.164073502357704,10.094208046338009
2024-02-06 17:50:00,12.952882196579761,10.132641088005931
2024-02-06 18:00:00,12.23171400604032,10.489297312588725
2024-02-06 18:10:00,19.08549308355032,15.707178182472816
2024-02-06 18:20:00,12.64596097118898,9.386007251375492
2024-02-06 18:30:00,15.208077353956389,12.415976460325545
2024-02-06 18:40:00,13.277437070868455,10.471147548725016
2024-02-06 18:50:00,19.641716632909183,16.72577786125091
2024-02-06 19:00:00,11.75156171370476,10.265204221508363
2024-02-06 19:10:00,12.750921132334895,12.336819553811218
2024-02-06 19:20:00,19.566424244914067,19.21481088425923
2024-02-06 19:30:00,16.106666566598506,13.15968848703843
2024-02-06 19:40:00,12.93556141968784,10.393692557950681
2024-02-06 19:50:00,14.585233323636247,13.046220650221851
2024-02-06 20:00:00,10.607295582954295,8.218511412190734
2024-02-06 20:10:00,18.449775197083913,13.537216147300175
2024-02-06 20:20:00,13.551288775114479,13.003401141355981
2024-02-06 20:30:00,10.913144195947677,8.855410456579428
2024-02-06 20:40:00,19.17737099017027,15.535906250247983
2024-02-06 20:50:00,17.037346799998325,16.653881303027674
2024-02-06 21:00:00,16.936315521451785,12.989534029365702
2024-02-06 21:10:00,19.410797685011758,17.583093980977832
2024-02-06 21:20:00,10.995132381370965,10.689248630876367
2024-02-06 21:30:00,16.221958174946856,11.836779036104582
2024-02-06 21:40:00,18.044457410353246,17.9191280517835
2024-02-06 21:50:00,12.100367440013123,7.790311687940983
2024-02-06 22:00:00,15.09676957853963,12.66196576063589
2024-02-06 22:10:00,19.7765672964898,17.304394126056845
2024-02-06 22:20:00,13.61619781653673,9.646668030386166
2024-02-06 22:30:00,16.366023239410833,12.890090640774934
2024-02-06 22:40:00,18.38098224497942,14.688965116944242
2024-02-06 22:50:00,19.8236831711113,15.085635397960232
2024-02-06 23:00:00,11.036223575898928,9.825464105366375
2024-02-06 23:10:00,10.327176666148409,8.707028256759607
2024-02-06 23:20:00,19.612764651750652,14.708342882016984
2024-02-06 23:30:00,18.959779780121337,16.324534633551025
2024-02-06 23:40:00,19.608492230791988,17.404944034980335
2024-02-06 23:50:00,18.350314072151228,15.487991130393286
2024-02-07 00:00:00,13.556804434880549,9.77813323051084
2024-02-07 00:10:00,12.418769977723045,9.390165817671303
2024-02-07 00:20:00,16.498971550022844,13.027162166003858
2024-02-07 00:30:00,19.732836225125006,15.614812471536665
2024-02-07 00:40:00,16.52209272555925,15.518914116044288
2024-02-07 00:50:00,16.354615064651174,12.587751331044053
2024-02-07 01:00:00,13.517625616395824,10.046048361246765
2024-02-07 01:10:00,10.98244313298476,7.766473684290549
2024-02-07 01:20:00,10.261216389880905,5.694209217642458
2024-02-07 01:30:00,19.261252319861185,17.808208671445787
2024-02-07 01:40:00,10.341485814503935,8.01115915533655
2024-02-07 01:50:00,14.258024722842855,13.694948229943774
2024-02-07 02:00:00,16.99862424980279,14.278261589212857
2024-02-07 02:10:00,18.018059359366625,16.09823688582229
2024-02-07 02:20:00,15.515279886852909,12.466422507753485
2024-02-07 02:30:00,16.133632987471174,11.475627402777548
2024-02-07 02:40:00,15.926985815039139,13.421965740919742
2024-02-07 02:50:00,10.696488024281084,9.803067314138325
2024-02-07 03:00:00,14.818407668531094,14.290891907216524
2024-02-07 03:10:00,16.448289085009684,14.63089163223419
2024-02-07 03:20:00,16.959287763944033,15.797517951621616
2024-02-07 03:30:00,18.560828966249076,16.406676252258713
2024-02-07 03:40:00,19.118157369537947,15.406691944788829
2024-02-07 03:50:00,12.62524748873761,12.004014593164284
2024-02-07 04:00:00,17.313918789464218,12.949803144711119
2024-02-07 04:10:00,19.06908284129074,17.734828657433393
2024-02-07 04:20:00,17.735619178656655,16.58251267332555
2024-02-07 04:30:00,13.954292560096942,12.864524435243174
2024-02-07 04:40:00,19.409408899949963,17.927869239081428
2024-02-07 04:50:00,18.109975341774508,13.2491386818129
2024-02-07 05:00:00,19.893336082407494,17.740431263794232
2024-02-07 05:10:00,11.760015557507016,11.704797353057156
2024-02-07 05:20:00,18.365145177195235,13.428516117684476
2024-02-07 05:30:00,19.332867120651777,17.765518487106615
2024-02-07 05:40:00,19.370226808155888,15.921449808783159
2024-02-07 05:50:00,18.472027939901793,14.852290258089177
2024-02-07 06:00:00,16.109430189923398,15.268843145291118
2024-02-07 06:10:00,17.76902354408664,15.072607989920956
2024-02-07 06:20:00,16.876786900992172,11.954512817284183
2024-02-07 06:30:00,17.987476057257304,16.029902503150478
2024-02-07 06:40:00,12.563932105269991,11.645526212479528
2024-02-07 06:50:00,11.864172747751521,10.731590278436371
2024-02-07 07:00:00,18.86770438126127,18.549004837543094
2024-02-07 07:10:00,19.783395393683,16.890475708563983
2024-02-07 07:20:00,18.489973863634027,18.037582549057383
2024-02-07 07:30:00,18.56756120739132,14.51146891197809
2024-02-07 07:40:00,11.835343310786236,8.574096860840529
2024-02-07 07:50:00,11.671043325209098,10.085014158155852
2024-02-07 08:00:00,13.233826896577376,10.540152684552336
2024-02-07 08:10:00,14.247030959930877,10.730637721679802
2024-02-07 08:20:00,18.04267778140286,14.069926471958206
2024-02-07 08:30:00,12.144687486574828,11.21949390301659
2024-02-07 08:40:00,10.81882324337836,9.988697195183818
2024-02-07 08:50:00,17.19148229391336,13.074827813087836
2024-02-07 09:00:00,19.3284975416148,16.858833532760457
2024-02-07 09:10:00,18.077595709155993,16.36828511183288
2024-02-07 09:20:00,14.903267210224193,10.127117242680168
2024-02-07 09:30:00,16.665087797339496,14.62165449688824
2024-02-07 09:40:00,16.32766733327925,16.321429752580755
2024-02-07 09:50:00,16.126146084378274,11.653377866307277
2024-02-07 10:00:00,13.405681580926192,11.930971943826664
2024-02-07 10:10:00,14.59119523282508,13.53782099257211
2024-02-07 10:20:00,10.660379431409329,6.721717240900705
2024-02-07 10:30:00,14.114824887117479,9.477816233129332
2024-02-07 10:40:00,16.316381382285442,12.217184728667881
2024-02-07 10:50:00,14.660518202900633,14.627148188264274
2024-02-07 11:00:00,19.211006315728262,15.724358372257779
2024-02-07 11:10:00,19.692408069777013,16.244718811877412
2024-02-07 11:20:00,17.519931385500833,17.50177339262748
2024-02-07 11:30:00,10.759175917153254,6.403845810563846
2024-02-07 11:40:00,18.250214992489543,15.430890828385351
2024-02-07 11:50:00,13.825987228731083,11.226307442869677
2024-02-07 12:00:00,15.63273718144488,13.371910114751088
2024-02-07 12:10:00,14.488820262101608,12.784991059573153
2024-02-07 12:20:00,11.376404710936782,6.4432738158536935
2024-02-07 12:30:00,15.403797151956965,13.14317143546115
2024-02-07 12:40:00,12.567965781084514,11.350800642353079
2024-02-07 12:50:00,14.444324888591803,10.977228860626246
2024-02-07 13:00:00,15.761929561273213,10.84913416200988
2024-02-07 13:10:00,16.075420043286087,11.790958185131885
2024-02-07 13:20:00,18.708707831896483,18.538455496178535
2024-02-07 13:30:00,12.93643845170605,10.08123497456363
2024-02-07 13:40:00,15.790754656452657,13.211145433740125
2024-02-07 13:50:00,17.86374068465473,13.737905953109669
2024-02-07 14:00:00,13.958235394134809,12.95057866400633
2024-02-07 14:10:00,16.317017998938578,11.592626431669697
2024-02-07 14:20:00,15.652459199783818,15.050439309427697
2024-02-07 14:30:00,15.838516580553753,11.464989261240113
2024-02-07 14:40:00,16.1833989155925,14.680239265338502
2024-02-07 14:50:00,10.728218979995622,9.769460304346977
2024-02-07 15:00:00,15.487621286897566,15.047132574774661
2024-02-07 15:10:00,10.811266472469567,8.938578125576049
2024-02-07 15:20:00,13.060969492129127,12.27949575249286
2024-02-07 15:30:00,15.90104379862883,12.763862567374767
2024-02-07 15:40:00,12.234325242127747,12.220600767966571
2024-02-07 15:50:00,13.394018782740359,10.073667014947066
2024-02-07 16:00:00,12.104047560452996,9.319307945954552
2024-02-07 16:10:00,19.49498709266397,16.57929396723877
2024-02-07 16:20:00,14.599611820853973,14.424561014459298
2024-02-07 16:30:00,16.211045777544726,15.472062303019722
2024-02-07 16:40:00,15.966399923581058,15.137390656335635
2024-02-07 16:50:00,19.634767165876017,15.337823000533785
2024-02-07 17:00:00,17.34673017463843,15.182948643064607
2024-02-07 17:10:00,18.42771152622099,17.338285824465178
2024-02-07 17:20:00,17.232904637827403,15.385178406075578
2024-02-07 17:30:00,16.278124745553608,12.978961630052826
2024-02-07 17:40:00,10.928410094641631,9.206828376401344
2024-02-07 17:50:00,18.56202591685735,17.462787687017748
2024-02-07 18:00:00,11.191185712666094,6.835297082812817
2024-02-07 18:10:00,11.784404101424315,10.559519231806329
2024-02-07 18:20:00,19.604827002462095,19.407055764132082
2024-02-07 18:30:00,12.113017082727158,9.52676410947501
2024-02-07 18:40:00,17.768085307867647,13.381822760981297
2024-02-07 18:50:00,17.289178818927354,17.133161252696645
2024-02-07 19:00:00,11.588203607353115,11.397470580280135
2024-02-07 19:10:00,12.912100002685891,12.706461820221719
2024-02-07 19:20:00,13.453781341107245,9.978897698225456
2024-02-07 19:30:00,11.489662023283913,9.217542073296062
2024-02-07 19:40:00,15.56748313714515,11.768512595878555
2024-02-07 19:50:00,13.672399102507981,9.35498384843221
2024-02-07 20:00:00,10.410077345105798,7.231242053771746
2024-02-07 20:10:00,11.010896296356215,7.726523977782303
2024-02-07 20:20:00,18.290594501322076,14.699020097245775
2024-02-07 20:30:00,18.127149495047917,16.46627100944141
2024-02-07 20:40:00,14.1721118303035,12.331435065034231
2024-02-07 20:50:00,17.09883159501895,16.496292062946004
2024-02-07 21:00:00,12.040872172469076,8.227505107105127
2024-02-07 21:10:00,13.688284550609138,13.485351337205426
2024-02-07 21:20:00,18.685732328612758,15.797399165095316
2024-02-07 21:30:00,16.78053738724271,15.525633487141658
2024-02-07 21:40:00,14.035180031882174,12.363926308274982
2024-02-07 21:50:00,10.484223484699086,5.930549673188726
2024-02-07 22:00:00,15.571432668405658,11.855516665157552
2024-02-07 22:10:00,11.105563162117074,6.229160633227257
2024-02-07 22:20:00,15.37175292950592,11.839891550874105
2024-02-07 22:30:00,19.472158097194132,18.566809342141788
2024-02-07 22:40:00,10.638463135096046,7.232946774510076
2024-02-07 22:50:00,13.346421078804568,13.245248505213837
2024-02-07 23:00:00,17.852060693918553,13.65849348891214
2024-02-07 23:10:00,18.19080688399298,13.961236706743044
2024-02-07 23:20:00,17.948889540404195,13.67302806860829
2024-02-07 23:30:00,15.662507151349928,10.711948581702918
2024-02-07 23:40:00,14.563923969404726,13.077700659046343
2024-02-07 23:50:00,10.23891520247333,8.920193464739876
